"z","y","x","ch"
9,1444,1136,3
10,1246,1054,3
12,1316,982,3
13,1156,1038,3
15,1254,830,3
6,1650,972,3
16,1084,960,3
18,1032,984,3
15,1314,920,3
8,1568,894,3
8,1278,1130,3
6,1612,1014,3
8,1538,1168,3
9,1522,1096,3
12,1388,764,3
8,1576,1200,3
14,1150,1080,3
12,1092,908,3
14,1374,808,3
9,1510,1252,3
10,1476,1032,3
9,1296,1306,3
8,1504,1164,3
13,1094,736,3
15,1000,888,3
15,996,868,3
13,1334,1172,3
12,1198,806,3
12,1154,966,3
11,1238,1050,3
11,1224,1200,3
8,1430,896,3
10,1794,490,3
10,1464,1100,3
5,1592,1254,3
16,634,1046,3
16,1072,880,3
15,1146,848,3
13,918,1200,3
10,1288,1066,3
12,1070,1094,3
11,1278,1220,3
10,1260,794,3
12,1056,1130,3
11,1404,1114,3
8,1550,968,3
17,1220,850,3
15,1308,962,3
13,1082,912,3
17,686,924,3
9,1596,936,3
12,1272,880,3
15,1310,870,3
5,1646,994,3
9,1608,830,3
11,1304,864,3
11,1486,1020,3
12,1134,804,3
14,902,868,3
7,1560,1234,3
20,1266,938,3
20,1258,940,3
13,1084,1102,3
13,946,782,3
10,1468,1146,3
8,1512,1030,3
20,1240,972,3
16,694,1018,3
17,1224,1034,3
12,1212,810,3
15,950,996,3
6,1560,956,3
16,660,920,3
11,1110,1140,3
18,1198,970,3
14,890,982,3
9,1488,1038,3
9,1454,822,3
14,1210,1016,3
9,1416,1218,3
15,1026,884,3
16,730,1100,3
15,1202,1012,3
8,1612,866,3
10,1296,1146,3
10,1428,950,3
7,1626,956,3
11,1334,998,3
15,1228,1072,3
17,1318,950,3
16,1078,874,3
14,862,936,3
12,1388,1076,3
10,1450,1174,3
20,1142,898,3
7,1626,1038,3
14,884,1086,3
11,1156,914,3
16,1146,894,3
13,1294,936,3
10,1396,1184,3
9,1540,1124,3
17,1228,954,3
16,816,902,3
13,1218,1090,3
17,1332,926,3
14,860,968,3
10,1310,1274,3
9,1400,962,3
14,1070,1030,3
17,1386,1012,3
11,1212,870,3
19,630,982,3
6,1660,1136,3
15,952,944,3
12,1128,818,3
15,828,920,3
20,1106,984,3
16,974,944,3
20,1208,948,3
14,712,1124,3
10,1358,842,3
13,904,1008,3
11,1128,1226,3
11,1128,1124,3
10,1476,816,3
10,1466,814,3
9,1578,1118,3
16,1116,976,3
6,1470,1114,3
11,1078,1096,3
10,1318,850,3
11,1316,1066,3
10,1306,806,3
13,1100,792,3
14,1136,812,3
13,1302,964,3
10,1706,508,3
11,1096,898,3
14,1154,1102,3
12,1192,1008,3
9,1518,888,3
14,1342,846,3
5,1738,1184,3
10,1070,1132,3
12,1020,1020,3
11,1318,1084,3
9,1168,1076,3
12,1286,810,3
12,1122,970,3
7,1596,1044,3
7,1572,1122,3
11,1298,920,3
5,1618,1250,3
10,1502,1016,3
14,1024,1010,3
10,1408,1212,3
8,1648,508,3
12,1222,1132,3
15,1030,994,3
13,1010,858,3
9,1620,868,3
9,1548,1098,3
20,1234,968,3
6,1662,1250,3
9,1366,1280,3
9,1458,712,3
10,1542,888,3
15,1108,874,3
8,1448,1288,3
21,1018,994,3
12,1228,1018,3
9,1470,1262,3
15,1068,900,3
16,1338,888,3
7,1672,1134,3
7,1706,498,3
13,1410,1018,3
19,1206,904,3
18,648,950,3
7,1608,1090,3
11,1162,1098,3
10,1386,1280,3
15,698,1118,3
9,1714,498,3
15,1070,846,3
5,1544,1264,3
12,1176,912,3
15,762,1134,3
14,1144,860,3
12,1250,854,3
8,1444,1246,3
15,656,1096,3
19,1238,874,3
9,1606,852,3
10,1414,1156,3
9,1558,1058,3
13,1198,820,3
14,1150,872,3
15,796,984,3
19,1162,926,3
9,1456,956,3
8,1588,822,3
7,1612,1268,3
13,862,992,3
5,1762,1230,3
14,886,866,3
11,1386,1004,3
15,734,930,3
11,1180,754,3
13,1382,880,3
14,638,548,3
14,1114,1076,3
18,1276,926,3
12,1746,506,3
17,1006,894,3
9,1246,1136,3
15,1294,994,3
16,1102,996,3
7,1622,1018,3
10,1346,880,3
8,1496,1302,3
9,1546,574,3
12,1184,1090,3
10,1246,1032,3
13,1396,1016,3
14,1194,988,3
11,1490,954,3
13,1300,1040,3
14,836,1032,3
13,832,1038,3
8,1468,662,3
14,1152,832,3
10,1142,1168,3
12,1324,1020,3
14,1142,1076,3
18,676,986,3
15,940,946,3
11,1462,992,3
8,1580,832,3
14,876,858,3
9,1390,1194,3
15,800,1002,3
14,1080,798,3
11,1420,1162,3
11,1474,1020,3
15,1302,924,3
8,1606,1134,3
15,1104,848,3
8,1554,1088,3
12,1236,990,3
15,1144,818,3
9,1486,1228,3
11,1302,1006,3
7,1518,978,3
12,988,948,3
16,668,1004,3
17,1138,828,3
14,1250,1026,3
14,1106,760,3
8,1516,1256,3
10,1354,1028,3
7,1676,1172,3
12,912,1158,3
9,1426,1314,3
12,1320,956,3
16,1180,910,3
13,1244,964,3
16,1050,844,3
10,1370,1102,3
11,1324,984,3
10,1446,840,3
21,1250,954,3
12,1352,978,3
9,1496,968,3
15,826,868,3
15,1132,838,3
9,1492,772,3
8,1508,984,3
15,672,1050,3
7,1532,1052,3
11,1174,1190,3
14,1412,1072,3
18,1286,954,3
6,1514,1238,3
11,1258,1018,3
5,1596,854,3
10,1624,884,3
9,1484,752,3
8,1540,964,3
15,796,890,3
7,1688,1082,3
8,1412,1024,3
9,1388,1088,3
14,1002,994,3
10,1374,1198,3
9,1516,764,3
13,1116,846,3
14,678,506,3
16,686,1012,3
11,1344,932,3
7,1660,1204,3
6,1688,1234,3
8,1640,1024,3
14,712,1068,3
14,1228,978,3
14,1360,998,3
14,1376,956,3
8,1546,1116,3
12,970,776,3
8,1654,514,3
12,1424,960,3
5,1618,992,3
16,1080,818,3
15,1162,968,3
16,1044,832,3
15,1138,882,3
11,1094,1130,3
11,1348,1014,3
5,1854,1276,3
13,1024,1040,3
9,1384,894,3
6,1586,1204,3
15,738,984,3
16,1146,920,3
18,656,940,3
12,1336,1056,3
17,1130,908,3
9,1522,1180,3
12,1272,1112,3
13,998,948,3
13,812,1040,3
8,1552,1122,3
12,1026,1100,3
14,1350,990,3
8,1452,1140,3
14,1348,1046,3
14,906,982,3
9,1540,1158,3
6,1646,1066,3
8,1540,568,3
13,1286,988,3
8,1648,1004,3
14,1172,1094,3
17,1094,780,3
9,1564,1094,3
7,1640,1008,3
7,1612,846,3
22,1260,924,3
11,1618,964,3
19,658,894,3
13,1228,1118,3
8,1560,890,3
15,666,1086,3
14,902,948,3
15,768,944,3
5,1704,1176,3
9,1256,1216,3
9,1522,702,3
8,1510,1344,3
11,1240,1196,3
15,670,1020,3
13,1164,1130,3
16,1054,838,3
7,1396,1278,3
13,980,798,3
9,1498,662,3
15,928,960,3
12,1214,992,3
9,1530,1042,3
6,1828,1308,3
9,1378,1254,3
10,1316,812,3
9,1540,926,3
7,1710,518,3
6,1578,1216,3
6,1506,680,3
8,1650,1026,3
11,1480,924,3
10,1236,1088,3
7,1512,1200,3
10,1570,1232,3
19,634,1010,3
9,1532,762,3
8,1504,760,3
12,1262,984,3
9,1514,1082,3
12,1242,802,3
13,1062,1138,3
17,640,952,3
7,1670,1098,3
14,1072,766,3
10,1322,836,3
17,668,994,3
21,1052,890,3
9,1556,1150,3
9,1282,768,3
15,1014,848,3
9,1464,1270,3
12,1288,1052,3
14,762,932,3
18,1022,906,3
9,1572,742,3
7,1586,1060,3
11,1138,1208,3
4,1844,1280,3
10,1206,796,3
13,1006,788,3
12,1136,1108,3
12,1360,1156,3
13,1002,770,3
16,1248,998,3
6,1624,1112,3
13,1088,1010,3
14,1188,794,3
9,1380,652,3
10,1486,938,3
12,1332,1080,3
11,1232,1172,3
15,1288,1042,3
6,1670,1186,3
9,1476,1240,3
16,1252,894,3
8,1558,800,3
13,736,972,3
13,1228,886,3
12,1270,1150,3
6,1738,1134,3
14,1330,894,3
14,1114,778,3
7,1426,1256,3
14,922,1186,3
15,824,980,3
17,1296,1012,3
12,1414,1042,3
15,1312,1064,3
12,1038,1164,3
13,874,1232,3
10,1246,1230,3
18,1130,1048,3
10,1310,1160,3
16,650,888,3
6,1624,1138,3
9,1416,696,3
11,1120,1148,3
10,1518,774,3
10,1454,1092,3
15,960,1028,3
12,1126,780,3
12,1468,780,3
13,1250,804,3
14,928,942,3
5,1606,888,3
8,1558,1222,3
9,1344,1274,3
17,680,1004,3
17,640,1038,3
13,1062,1072,3
15,746,912,3
9,1540,1318,3
16,1320,1022,3
12,1282,958,3
13,1064,1008,3
16,1326,952,3
10,1394,690,3
10,1638,1038,3
16,674,1010,3
15,802,914,3
14,1002,1052,3
14,912,858,3
10,1402,772,3
10,1448,742,3
7,1558,1184,3
9,1456,1178,3
12,1078,1128,3
9,1432,642,3
16,646,964,3
8,1610,1112,3
8,1606,942,3
7,1564,860,3
14,1062,1056,3
10,1244,922,3
16,634,564,3
5,1670,1278,3
8,1366,1142,3
14,720,1118,3
16,1140,844,3
18,1112,920,3
6,1496,1260,3
9,1342,1266,3
8,1474,752,3
13,852,1110,3
15,1172,850,3
11,1410,1164,3
14,966,612,3
6,1566,1086,3
11,1504,1000,3
14,724,936,3
8,1576,1084,3
15,718,896,3
15,1262,836,3
9,1576,878,3
12,1154,794,3
7,1652,1182,3
8,1596,1250,3
7,1556,1206,3
9,1524,1138,3
8,1498,1022,3
8,1538,1098,3
9,1398,922,3
14,812,920,3
17,1312,1046,3
8,1564,1062,3
16,1022,846,3
14,824,1164,3
10,1156,1080,3
7,1622,808,3
10,1254,1182,3
14,804,892,3
8,1424,1182,3
9,1622,496,3
10,1312,826,3
16,1028,838,3
15,684,984,3
13,1308,948,3
14,1170,834,3
8,1636,1192,3
14,1358,1018,3
9,1326,1234,3
9,1482,1008,3
10,1304,768,3
9,1452,964,3
9,1460,1308,3
14,746,950,3
14,848,1074,3
12,1066,776,3
13,1044,1078,3
9,1332,1038,3
15,818,852,3
10,1694,506,3
15,652,1036,3
8,1584,1086,3
13,902,828,3
15,1252,796,3
15,704,906,3
15,1394,952,3
24,1020,972,3
11,1322,1040,3
15,1092,836,3
15,1164,824,3
6,1408,1312,3
8,1742,1146,3
7,1510,908,3
9,1542,1092,3
5,1750,532,3
16,786,978,3
11,1350,1266,3
12,1500,948,3
17,1100,858,3
14,1032,886,3
11,1080,894,3
16,702,1024,3
19,630,812,3
18,1008,1000,3
10,1362,744,3
9,1658,678,3
14,1214,780,3
23,1030,962,3
17,1034,1026,3
9,1446,1320,3
15,1144,900,3
15,754,888,3
13,1034,784,3
12,950,596,3
9,1510,662,3
14,704,932,3
17,1250,868,3
13,846,1106,3
13,1018,1070,3
13,1054,748,3
16,1270,832,3
18,634,968,3
18,1134,1008,3
8,1572,1100,3
11,1346,740,3
9,1374,736,3
10,1320,1298,3
14,764,914,3
11,1418,808,3
16,968,930,3
19,1322,928,3
14,744,988,3
12,984,1016,3
5,1692,1122,3
6,1646,956,3
17,1170,1018,3
15,1382,926,3
15,1430,976,3
15,718,1202,3
9,1376,1354,3
8,1532,926,3
10,1170,1146,3
16,904,940,3
7,1594,772,3
15,740,968,3
13,1114,830,3
7,1552,1332,3
11,1114,1200,3
15,782,1096,3
17,1074,1022,3
6,1660,1102,3
8,1696,492,3
6,1482,1304,3
14,1292,1126,3
6,1568,906,3
8,1418,970,3
13,966,788,3
14,1016,866,3
17,638,1016,3
6,1866,1274,3
10,1532,780,3
8,1450,1272,3
10,1386,1048,3
6,1632,990,3
5,1616,1140,3
10,1364,1242,3
13,846,848,3
16,726,992,3
14,1054,1078,3
15,1106,960,3
10,1224,1174,3
8,1482,1190,3
13,1084,1162,3
13,1052,826,3
15,1028,1066,3
8,1610,1194,3
10,1416,776,3
7,1596,808,3
8,1388,1288,3
13,1006,744,3
16,698,1142,3
9,1478,1206,3
12,1070,1120,3
14,758,948,3
8,1556,1100,3
15,630,1104,3
9,1456,656,3
17,1088,880,3
14,1144,800,3
7,1624,986,3
6,1560,1136,3
11,1204,1082,3
19,1144,1012,3
12,838,1242,3
10,1250,1194,3
14,1272,1028,3
14,746,1208,3
10,1246,862,3
17,1164,946,3
14,1176,938,3
20,1260,864,3
14,1068,812,3
14,766,1002,3
14,1410,968,3
13,938,1190,3
5,1776,1294,3
13,1172,786,3
13,952,1238,3
11,1128,962,3
14,1296,970,3
14,940,960,3
18,1268,920,3
11,1102,1012,3
7,1594,1064,3
17,658,990,3
15,1358,902,3
12,968,1230,3
14,708,1080,3
13,884,808,3
10,1486,876,3
8,1616,788,3
17,1018,918,3
7,1596,1186,3
19,1080,1028,3
15,874,934,3
11,1250,1224,3
13,850,940,3
4,1722,1228,3
13,1380,1046,3
8,1466,672,3
6,1710,1184,3
12,1266,1122,3
18,1220,1014,3
10,1390,1020,3
10,1236,1212,3
8,1344,1342,3
12,1394,1068,3
15,1260,814,3
14,1120,762,3
9,1566,938,3
15,868,950,3
10,1386,934,3
9,1512,734,3
13,1226,1040,3
10,1330,1262,3
9,1522,680,3
20,980,962,3
16,1230,830,3
13,1386,970,3
9,1428,1166,3
14,1212,1102,3
9,1572,856,3
21,1288,996,3
11,1300,816,3
10,1484,1054,3
11,1276,946,3
14,988,1058,3
7,1564,1306,3
8,1470,1252,3
7,1614,1084,3
17,1228,878,3
7,1588,1098,3
8,1626,1004,3
18,658,908,3
13,840,1138,3
17,1208,872,3
13,1112,994,3
16,1142,1028,3
11,1246,1268,3
23,1278,920,3
10,1362,1040,3
12,970,1022,3
12,928,1198,3
9,1640,936,3
9,1438,842,3
14,1026,1086,3
8,1506,774,3
6,1620,1234,3
6,1650,1306,3
10,1182,1012,3
16,742,888,3
16,770,1140,3
12,1266,930,3
9,1588,1116,3
10,1540,952,3
14,886,994,3
9,1546,866,3
6,1906,824,3
10,1098,1220,3
10,1428,1232,3
18,1212,992,3
15,852,876,3
13,1390,884,3
17,1136,926,3
6,1614,1126,3
20,1248,842,3
15,838,942,3
12,1130,1140,3
13,1198,876,3
15,1130,958,3
7,1610,1060,3
18,1252,860,3
12,1200,1116,3
9,1434,1258,3
9,1466,1198,3
5,1832,1292,3
12,1078,1070,3
7,1652,1114,3
14,1364,1048,3
14,1182,1120,3
9,1288,1126,3
14,924,1030,3
5,1918,490,3
14,840,1260,3
10,1374,1032,3
9,1592,974,3
8,1520,656,3
14,808,1008,3
9,1544,754,3
7,1664,1060,3
7,1678,1138,3
15,1218,836,3
5,1662,1150,3
17,1094,850,3
13,948,568,3
8,1400,654,3
12,1254,1050,3
11,1262,1210,3
18,642,874,3
8,1570,796,3
9,1388,1264,3
12,1006,1072,3
14,874,1148,3
5,1696,1222,3
7,1674,526,3
8,1532,702,3
9,1558,754,3
11,1384,1234,3
10,1526,896,3
13,1100,1148,3
5,1752,1198,3
6,1626,890,3
13,1070,796,3
6,1570,1178,3
11,1240,1008,3
8,1438,1212,3
16,998,1004,3
11,1024,920,3
13,1056,1030,3
9,1282,824,3
10,1456,768,3
10,1266,1006,3
12,1244,1174,3
14,896,1084,3
13,888,1056,3
11,1000,1162,3
14,704,1054,3
15,790,1190,3
13,1112,816,3
10,1134,1232,3
12,1204,1200,3
15,806,1132,3
10,1248,1248,3
11,1112,1244,3
7,1672,496,3
5,1784,1134,3
7,1592,1232,3
13,1242,1116,3
14,1168,754,3
15,1206,792,3
17,1358,984,3
14,1058,1066,3
15,666,930,3
14,762,1066,3
14,830,858,3
14,720,1050,3
13,868,1080,3
9,1270,1256,3
9,1406,1336,3
9,1534,724,3
8,1600,1054,3
14,1348,1036,3
12,1008,1032,3
15,686,866,3
10,1438,972,3
9,1376,668,3
16,726,1132,3
15,684,1184,3
15,632,952,3
15,1150,1020,3
13,874,1088,3
11,1004,1222,3
14,1222,1008,3
8,1616,1040,3
15,662,1042,3
7,1562,1106,3
12,1182,832,3
12,1108,796,3
4,1766,1198,3
15,766,1098,3
10,1174,1026,3
10,1122,1162,3
7,1652,1276,3
14,1088,770,3
15,964,1020,3
20,992,952,3
15,1378,1034,3
6,1852,490,3
14,898,878,3
5,1452,1122,3
12,1148,1148,3
13,826,876,3
12,1010,990,3
6,1708,1338,3
11,1264,1024,3
10,1660,1082,3
9,1440,644,3
8,1486,1240,3
15,984,986,3
9,1552,828,3
6,1712,1140,3
11,1024,1072,3
13,1006,762,3
7,1732,1152,3
14,1308,836,3
13,892,1148,3
12,1096,1182,3
10,1506,816,3
14,748,1098,3
14,750,1230,3
14,1042,776,3
12,1084,1234,3
10,1336,1024,3
15,776,1056,3
5,1516,1334,3
12,1350,1158,3
8,1516,1288,3
8,1642,912,3
12,1084,732,3
19,1234,844,3
14,1190,1016,3
16,792,966,3
5,1762,1272,3
12,1018,1128,3
11,1384,1208,3
14,984,1044,3
15,1136,1070,3
12,1028,1326,3
13,740,1246,3
14,820,1176,3
11,1204,912,3
11,1330,876,3
7,1602,782,3
13,998,1110,3
6,1518,1184,3
16,1326,882,3
7,1750,518,3
11,1150,1106,3
14,670,1120,3
10,1294,1228,3
13,1260,940,3
7,1640,1206,3
11,1354,720,3
7,1610,1214,3
16,636,814,3
14,890,1026,3
10,1286,1222,3
5,1654,1292,3
9,1582,992,3
13,1122,1024,3
16,1272,938,3
6,1658,1040,3
6,1644,490,3
10,1356,702,3
14,1122,836,3
20,1108,1018,3
9,1498,1160,3
13,1082,1090,3
13,816,988,3
13,938,934,3
14,1090,790,3
13,1280,1138,3
11,1278,1246,3
13,912,1014,3
9,1568,754,3
7,1612,966,3
9,1318,1142,3
12,1062,700,3
11,1164,1042,3
16,1060,898,3
7,1502,822,3
7,1684,1166,3
8,1712,1120,3
7,1648,1094,3
8,1628,950,3
17,1168,972,3
13,710,1182,3
15,742,898,3
12,1270,820,3
9,1368,1204,3
7,1552,812,3
12,1094,1168,3
9,1326,1340,3
8,1602,1108,3
14,988,1036,3
12,900,1256,3
13,994,1126,3
14,1320,888,3
6,1624,1198,3
15,810,876,3
9,1502,1294,3
9,1612,920,3
16,726,902,3
9,1518,1014,3
16,730,1044,3
16,646,922,3
7,1646,1234,3
14,932,1052,3
7,1598,1100,3
10,1338,1158,3
16,966,968,3
17,1262,990,3
14,1270,980,3
4,1738,536,3
12,1184,896,3
8,1360,1284,3
15,1158,846,3
15,758,1206,3
11,1108,904,3
9,1518,902,3
17,636,1100,3
14,784,912,3
10,1228,746,3
17,692,892,3
11,1142,1288,3
13,966,1404,3
9,1610,932,3
12,1042,728,3
6,1574,1336,3
19,1214,962,3
13,992,752,3
9,1472,980,3
7,1592,830,3
19,1200,918,3
17,1166,878,3
13,896,972,3
15,1066,1080,3
13,904,1052,3
4,1928,1094,3
14,956,1014,3
8,1416,1300,3
9,1548,798,3
17,1160,886,3
14,1228,922,3
15,708,1018,3
14,960,932,3
6,1650,1084,3
10,1184,1128,3
10,1492,878,3
16,1110,894,3
10,1286,1346,3
13,960,742,3
9,1290,1318,3
13,802,1030,3
15,1090,816,3
16,1040,1014,3
15,816,880,3
13,1112,1090,3
8,1516,722,3
16,1318,966,3
14,772,956,3
17,1108,1028,3
9,1426,1202,3
14,1142,950,3
13,1304,1096,3
14,1316,836,3
13,704,1126,3
15,1154,814,3
7,1566,804,3
13,1400,944,3
7,1532,1352,3
14,936,840,3
9,1424,1214,3
5,1664,1122,3
10,1318,1256,3
15,1282,830,3
8,1584,862,3
14,1398,974,3
11,1444,798,3
17,1168,1058,3
9,1650,950,3
15,1304,848,3
10,1270,1278,3
10,1252,1240,3
11,1236,826,3
9,1564,952,3
16,1098,892,3
6,1636,1060,3
12,1116,1226,3
15,658,1076,3
16,700,494,3
12,1380,1070,3
6,1630,776,3
14,820,1072,3
13,1124,1114,3
13,858,1048,3
12,1212,924,3
16,692,926,3
15,1052,1046,3
10,1304,1244,3
13,978,776,3
11,1146,1230,3
7,1572,1148,3
14,1398,888,3
8,1544,1214,3
10,1394,892,3
14,732,1072,3
10,1570,1038,3
9,1414,1070,3
15,734,1030,3
5,1620,922,3
15,1080,760,3
7,1686,520,3
12,1402,958,3
11,1354,1228,3
15,1382,1090,3
7,1474,1380,3
8,1232,1216,3
9,1492,728,3
13,832,892,3
14,1264,962,3
16,1242,1034,3
13,952,1054,3
23,1280,936,3
6,1660,830,3
6,1760,524,3
10,1234,1412,3
10,1202,1214,3
12,1344,900,3
12,1100,1162,3
9,1528,1276,3
8,1508,890,3
9,1334,1380,3
16,866,1008,3
12,1028,1250,3
18,1176,1072,3
16,1018,892,3
12,1234,856,3
5,1726,1160,3
14,770,856,3
10,1296,1258,3
13,1292,838,3
10,1474,846,3
14,1086,1082,3
13,1202,894,3
9,1526,918,3
12,1326,1064,3
12,1036,1432,3
6,1636,1128,3
9,1448,650,3
15,714,1218,3
6,1636,1224,3
11,1158,1260,3
8,1532,962,3
13,1238,1130,3
8,1502,1218,3
9,1586,922,3
13,916,778,3
7,1540,730,3
16,1292,902,3
8,1568,970,3
16,644,1138,3
15,686,898,3
9,1584,980,3
8,1496,1270,3
13,1052,774,3
13,1124,876,3
13,880,1188,3
18,1296,946,3
6,1592,1142,3
5,1782,1176,3
15,690,972,3
5,1696,1290,3
10,1506,1024,3
19,1192,924,3
21,1216,870,3
15,778,992,3
6,1764,1142,3
13,802,1234,3
16,1262,1076,3
17,642,986,3
8,1492,734,3
9,1428,750,3
12,1152,746,3
12,1010,734,3
11,1440,1106,3
6,1736,1224,3
9,1516,1134,3
11,1330,824,3
14,918,944,3
20,1158,998,3
14,872,994,3
4,1750,1160,3
9,1416,736,3
13,722,916,3
8,1554,1244,3
9,1526,982,3
11,1266,1166,3
8,1570,782,3
10,1500,1114,3
10,1628,862,3
7,1642,1260,3
13,1326,1116,3
9,1494,1150,3
16,1350,1008,3
9,1450,1162,3
9,1260,1078,3
16,1132,948,3
6,1934,504,3
21,1216,904,3
7,1632,1098,3
14,790,942,3
15,702,1196,3
15,720,1186,3
13,1206,766,3
10,1302,1066,3
11,1184,1246,3
9,1424,1174,3
14,810,930,3
16,1036,906,3
14,1100,806,3
17,644,1120,3
12,1450,1002,3
10,1408,1286,3
13,978,1226,3
5,1780,1194,3
12,1002,1234,3
11,1180,1180,3
13,856,1080,3
4,1820,1274,3
13,946,740,3
18,1290,912,3
16,732,1082,3
13,922,1040,3
13,890,1090,3
18,1176,842,3
17,672,914,3
15,1076,776,3
15,1298,1058,3
16,908,878,3
8,1476,1262,3
10,1526,1078,3
12,1096,1048,3
7,1458,1240,3
12,1374,1054,3
8,1488,1198,3
12,1208,750,3
15,1184,1030,3
9,1380,1226,3
12,1452,860,3
13,886,1174,3
5,1854,1250,3
8,1482,1280,3
11,1668,500,3
14,842,880,3
12,1302,992,3
15,1326,824,3
7,1504,1192,3
15,738,1092,3
14,898,784,3
7,1696,722,3
19,1116,1022,3
8,1492,1246,3
10,1516,988,3
10,1228,1096,3
18,1102,926,3
6,1704,1366,3
15,1388,1082,3
6,1454,860,3
8,1590,984,3
12,1230,578,3
12,1134,1042,3
6,1634,1146,3
16,1262,902,3
5,1858,1292,3
17,1216,1064,3
15,1370,914,3
11,1406,1048,3
9,1464,1218,3
14,1180,788,3
11,1224,596,3
14,1016,770,3
17,1138,904,3
10,1366,1304,3
17,1384,936,3
15,732,954,3
6,1770,1178,3
14,816,1144,3
16,648,1090,3
13,900,810,3
12,910,1222,3
8,1620,1122,3
10,1300,898,3
13,1092,1096,3
13,1404,978,3
14,1082,940,3
15,754,994,3
7,1588,1286,3
11,1096,812,3
12,1054,688,3
12,970,964,3
14,716,880,3
10,958,882,3
11,1224,1212,3
13,1316,804,3
11,1264,1182,3
5,1744,1170,3
10,1434,1194,3
12,1322,1030,3
11,1342,1180,3
14,848,996,3
14,794,902,3
10,1374,1284,3
12,1106,1222,3
21,1038,974,3
13,1020,988,3
14,1278,1112,3
12,1138,954,3
13,694,1060,3
6,1794,740,3
13,996,1078,3
15,1112,952,3
9,1460,1168,3
7,1422,1050,3
14,1196,1036,3
9,1432,1224,3
15,1288,966,3
16,654,842,3
14,732,1184,3
13,1034,1108,3
12,958,816,3
13,1006,800,3
6,1722,1128,3
14,748,1014,3
14,818,1206,3
16,1316,898,3
17,628,1068,3
16,950,832,3
10,1384,726,3
13,1200,926,3
19,1162,1034,3
17,1200,1086,3
17,1042,894,3
16,754,960,3
13,868,850,3
15,804,974,3
9,1554,726,3
9,1340,1288,3
14,1338,824,3
15,1366,938,3
9,1494,820,3
9,1436,1000,3
12,1224,868,3
10,1462,960,3
9,1488,686,3
15,1426,946,3
16,1248,886,3
5,1788,1220,3
7,1378,1238,3
20,1272,964,3
9,1606,778,3
14,810,1116,3
10,1344,1196,3
14,802,1062,3
10,1240,934,3
10,1760,500,3
11,1032,1398,3
14,774,1182,3
12,1268,1076,3
7,1564,1338,3
14,792,1102,3
7,1578,824,3
13,920,846,3
6,1674,1268,3
7,1612,908,3
13,836,1484,3
16,1088,1044,3
12,1038,1100,3
7,1670,1118,3
16,628,522,3
13,1346,918,3
9,1446,1226,3
9,1344,1350,3
10,1388,1252,3
14,854,1190,3
6,1670,1222,3
8,1578,502,3
13,786,1194,3
9,1540,708,3
10,1526,1022,3
12,1174,1018,3
12,992,1338,3
9,1324,1106,3
14,716,974,3
10,1214,1228,3
10,1370,1070,3
8,1470,650,3
15,664,1166,3
14,1146,756,3
13,876,1220,3
14,776,1072,3
8,1548,1024,3
12,1130,1020,3
4,1780,1338,3
16,1090,930,3
10,1400,696,3
15,1240,984,3
17,1078,894,3
8,1548,1060,3
13,1482,960,3
13,1276,808,3
9,1274,1306,3
15,1206,802,3
12,1128,1072,3
13,996,714,3
5,1810,720,3
4,1788,1116,3
7,1632,844,3
5,1710,536,3
11,1402,1314,3
8,1658,530,3
13,974,742,3
15,1114,902,3
14,980,1150,3
9,1260,1338,3
14,1016,878,3
12,958,1244,3
9,1434,1170,3
12,974,534,3
10,1356,1168,3
9,1566,882,3
6,1604,922,3
18,1010,942,3
5,1814,606,3
13,1414,1004,3
14,680,1016,3
13,1330,1030,3
15,1134,1084,3
7,1392,1316,3
14,706,944,3
13,1160,758,3
10,1354,1300,3
12,970,1248,3
12,988,1244,3
9,1522,832,3
16,1264,1062,3
7,1618,938,3
11,1206,1062,3
14,828,1196,3
21,1002,954,3
14,808,984,3
12,1230,780,3
13,774,912,3
16,1290,942,3
12,1228,1160,3
9,1350,1312,3
14,908,1024,3
9,1414,1196,3
10,1242,1396,3
13,1340,1044,3
11,1276,836,3
10,1394,966,3
8,1546,1046,3
8,1636,498,3
9,1728,1136,3
15,700,1170,3
10,1394,1204,3
16,1212,908,3
7,1580,1270,3
7,1644,924,3
14,792,1138,3
17,700,1110,3
10,1354,914,3
12,1490,1004,3
13,946,1148,3
10,1412,1268,3
13,922,560,3
15,1254,1044,3
7,1624,542,3
8,1588,950,3
9,1316,1152,3
18,1284,898,3
15,1032,822,3
8,1560,1260,3
9,1488,702,3
6,1720,1188,3
14,900,1156,3
9,1356,750,3
9,1588,882,3
13,1036,950,3
8,1598,544,3
12,734,1170,3
15,740,1000,3
9,1326,1304,3
17,1168,928,3
11,1490,1170,3
12,1456,1012,3
13,976,998,3
13,1128,988,3
16,1358,964,3
11,1252,926,3
8,1370,1008,3
10,1412,656,3
18,648,562,3
15,964,824,3
13,1000,1090,3
20,1184,888,3
16,1126,1068,3
5,1722,1278,3
14,1282,1030,3
14,814,960,3
20,1166,898,3
16,708,916,3
8,1540,1020,3
8,1630,974,3
13,1204,838,3
12,1256,1090,3
15,764,882,3
8,1592,1106,3
4,1864,536,3
15,1412,940,3
10,1376,1094,3
10,1268,828,3
17,1274,876,3
13,844,1082,3
15,1352,948,3
16,648,1154,3
13,1178,1136,3
15,1056,764,3
10,1172,1266,3
15,694,1188,3
13,1018,1096,3
13,952,786,3
10,1254,1134,3
5,1714,1060,3
10,1220,1252,3
18,1288,980,3
20,1188,844,3
14,758,1024,3
7,1590,612,3
7,1660,666,3
14,748,1260,3
14,838,866,3
11,1170,998,3
21,1134,1040,3
9,1510,692,3
18,1230,1006,3
5,1668,1158,3
8,1368,1162,3
9,1368,1428,3
10,1358,1258,3
14,752,928,3
12,1282,1164,3
10,1552,924,3
12,1388,1118,3
12,966,642,3
4,1798,1398,3
14,666,1104,3
17,1148,992,3
10,1286,842,3
15,974,1030,3
15,632,832,3
11,1212,1188,3
7,1668,1236,3
7,1698,966,3
12,1540,990,3
14,1016,782,3
11,1234,754,3
14,726,1194,3
8,1512,1314,3
17,716,928,3
8,1586,1156,3
13,852,1226,3
10,1418,1048,3
5,1472,878,3
10,1408,688,3
16,726,1004,3
14,1104,862,3
6,1608,1154,3
15,838,972,3
16,668,854,3
13,958,576,3
15,910,1040,3
9,1280,1256,3
14,858,902,3
13,1086,724,3
8,1410,1230,3
14,1096,1092,3
7,1578,1134,3
10,1426,1150,3
11,1418,1132,3
11,1104,738,3
15,1342,1080,3
20,1230,912,3
14,1202,1128,3
12,1120,984,3
14,934,762,3
11,1302,1266,3
5,1684,1186,3
19,1158,910,3
14,724,886,3
15,1224,806,3
17,1302,1034,3
18,1346,998,3
16,946,912,3
5,1766,1254,3
9,1302,1292,3
13,868,1160,3
13,1232,796,3
21,1176,914,3
15,822,994,3
5,1858,548,3
8,1536,818,3
9,1400,906,3
15,1184,888,3
18,654,918,3
16,666,1028,3
14,1322,938,3
16,650,856,3
13,1310,904,3
14,742,1060,3
6,1460,982,3
7,1562,1198,3
15,752,1118,3
10,1224,622,3
14,1128,774,3
9,1386,1158,3
13,1204,1158,3
14,750,1284,3
17,1126,886,3
16,1158,1088,3
4,1906,506,3
11,1146,1266,3
10,1464,1016,3
15,1272,898,3
9,1526,1258,3
12,1244,1042,3
5,1744,1008,3
9,1282,1388,3
6,1704,1132,3
16,736,1122,3
6,1676,514,3
12,1300,790,3
11,1056,1412,3
10,1218,1162,3
13,870,810,3
14,936,994,3
16,708,982,3
16,672,1068,3
9,1578,768,3
14,844,1128,3
7,1542,1302,3
14,940,1028,3
12,934,1256,3
13,1152,1164,3
10,1468,762,3
15,952,882,3
10,1564,734,3
7,1626,816,3
13,748,1416,3
14,1390,1044,3
17,1242,904,3
4,1824,1118,3
16,1330,1074,3
16,674,946,3
6,1688,1066,3
6,1370,872,3
12,1342,1166,3
20,1086,908,3
16,840,888,3
8,1450,1002,3
12,1028,1234,3
16,738,490,3
15,628,874,3
15,626,1000,3
11,1238,554,3
15,770,900,3
14,1364,1024,3
17,1342,922,3
5,1630,1482,3
10,1322,1124,3
9,1408,946,3
6,1592,1002,3
14,756,1034,3
10,1578,748,3
13,1060,836,3
4,1806,1292,3
11,1524,1124,3
9,1410,1254,3
9,1608,884,3
12,900,1336,3
18,1306,906,3
7,1632,1236,3
14,1404,998,3
14,788,524,3
11,1042,1120,3
9,1674,1126,3
12,1430,836,3
11,1370,746,3
16,674,1032,3
10,1246,744,3
18,1068,940,3
14,1338,796,3
14,886,1100,3
10,1282,1016,3
9,1578,972,3
13,1164,1012,3
10,1352,1202,3
12,1084,1036,3
5,1832,722,3
7,1572,568,3
11,1506,898,3
17,986,850,3
12,974,814,3
16,994,1018,3
8,1550,840,3
9,1534,1196,3
14,768,934,3
12,1172,822,3
12,990,1308,3
9,1718,508,3
12,1038,1422,3
16,668,538,3
7,1692,1096,3
7,1454,1290,3
13,1142,1132,3
12,998,1066,3
15,744,1054,3
13,682,880,3
16,1008,830,3
16,648,1002,3
14,1194,1066,3
10,1770,506,3
8,1340,842,3
9,1434,1120,3
16,698,984,3
13,944,542,3
13,852,1456,3
20,986,972,3
5,1638,1342,3
10,1496,896,3
12,1128,766,3
13,864,1244,3
23,1036,952,3
9,1294,1422,3
10,1422,1334,3
16,1252,974,3
13,998,836,3
7,1590,514,3
13,784,1420,3
10,1544,1008,3
13,954,760,3
13,910,1070,3
13,1172,932,3
13,680,952,3
15,664,890,3
9,1486,764,3
9,1296,1096,3
10,1568,982,3
10,1370,1366,3
12,1040,1140,3
12,1358,1142,3
4,1880,1268,3
13,1306,822,3
10,1336,1228,3
14,906,1088,3
17,1316,866,3
9,1384,660,3
10,1520,842,3
8,1550,1164,3
7,1622,1294,3
12,1074,1006,3
5,1690,1172,3
7,1514,1272,3
21,1076,994,3
11,1434,1156,3
9,1342,1368,3
12,1276,1180,3
15,728,1166,3
12,1514,968,3
13,816,1190,3
15,1138,1050,3
14,704,974,3
16,1290,918,3
9,1426,1018,3
12,834,1204,3
15,796,950,3
4,1514,1316,3
13,968,1062,3
16,670,1142,3
6,1640,1152,3
14,1226,778,3
15,990,798,3
9,1374,1214,3
12,1272,1052,3
8,1262,1158,3
10,1140,806,3
12,918,1166,3
16,1218,896,3
13,932,850,3
13,1220,792,3
12,904,590,3
14,1042,886,3
10,1576,846,3
9,1534,668,3
13,790,1020,3
8,1462,704,3
11,1286,878,3
11,1172,1236,3
9,1612,950,3
15,974,814,3
9,1586,1012,3
7,1636,958,3
19,1194,892,3
15,1278,846,3
9,1278,1196,3
9,1556,742,3
5,1698,992,3
13,1274,1094,3
7,1838,1302,3
8,1570,1292,3
11,1432,1182,3
5,1718,1322,3
10,1368,1048,3
17,658,514,3
15,630,1138,3
12,906,1294,3
19,644,856,3
16,632,590,3
18,1154,1066,3
6,1506,1088,3
13,752,1046,3
12,1056,1244,3
8,1358,1108,3
4,1880,1404,3
10,1488,802,3
8,1560,914,3
17,1282,1012,3
16,684,1148,3
11,950,836,3
11,1050,1162,3
19,1270,1046,3
21,982,934,3
13,1104,934,3
5,1766,862,3
12,1538,1020,3
9,1490,1206,3
10,1412,974,3
15,1190,842,3
14,816,1132,3
11,1340,950,3
13,864,1204,3
7,1660,1002,3
12,1332,964,3
15,1194,1092,3
11,1540,1224,3
4,1844,612,3
14,926,980,3
17,1030,872,3
15,680,1120,3
17,636,514,3
12,1018,940,3
13,1264,788,3
16,874,884,3
13,1166,1110,3
15,866,876,3
13,926,530,3
14,694,1222,3
20,1028,994,3
11,1582,1040,3
8,1634,900,3
4,1856,1264,3
10,1414,1144,3
14,986,676,3
15,1102,816,3
13,1094,1066,3
20,1080,878,3
10,1534,1010,3
13,1120,734,3
5,1756,696,3
10,1556,1010,3
14,858,1122,3
18,1124,852,3
4,1766,1316,3
9,1670,1014,3
11,1300,838,3
10,1300,1212,3
10,1342,1218,3
13,784,1320,3
6,1540,838,3
9,1336,1238,3
11,1182,1076,3
9,1632,1050,3
9,1494,1188,3
9,1266,1046,3
13,826,1100,3
6,1502,800,3
13,1406,930,3
11,1334,980,3
15,694,524,3
11,1472,1064,3
15,702,1038,3
9,1630,792,3
15,1222,820,3
6,1532,934,3
10,1508,796,3
8,1548,944,3
11,1460,878,3
14,778,962,3
15,988,972,3
14,1122,804,3
6,1616,1350,3
10,1460,736,3
7,1598,842,3
14,684,1138,3
15,770,1040,3
13,960,598,3
12,900,1002,3
17,1116,910,3
7,1566,848,3
12,1220,760,3
8,1760,510,3
12,1160,1030,3
12,1092,532,3
11,1134,1256,3
12,1144,1214,3
8,1600,1294,3
8,1648,1164,3
8,1606,1152,3
16,658,968,3
14,914,910,3
7,1620,874,3
13,832,982,3
13,964,886,3
15,1044,860,3
4,1790,1340,3
13,1234,768,3
12,1324,1210,3
11,1252,966,3
21,1222,924,3
9,1284,850,3
6,1748,1318,3
9,1530,1088,3
15,992,830,3
10,1520,740,3
13,1092,1108,3
12,1084,1116,3
5,1746,1252,3
14,776,1238,3
10,1288,1200,3
15,1446,1040,3
13,1366,970,3
11,1096,1256,3
17,1036,934,3
13,886,1068,3
20,1174,1000,3
13,840,1042,3
12,1182,1192,3
6,1606,990,3
8,1594,872,3
8,1466,940,3
13,1036,938,3
8,1620,828,3
9,1490,756,3
7,1692,1206,3
10,1142,1466,3
12,1326,764,3
10,1496,1142,3
20,1098,974,3
5,1744,1188,3
11,1218,964,3
7,1530,910,3
14,1238,1154,3
8,1604,818,3
11,1518,870,3
11,1188,1036,3
14,1066,750,3
4,1770,1234,3
5,1776,1146,3
10,1432,1304,3
10,1382,1300,3
11,1438,760,3
13,1492,912,3
10,1470,1166,3
14,1348,1070,3
10,1522,946,3
15,1332,974,3
14,674,1132,3
12,1066,1050,3
12,992,970,3
9,1392,1228,3
14,748,1190,3
7,1602,1246,3
11,1484,1106,3
13,968,1192,3
12,1014,924,3
4,1796,1134,3
7,1574,942,3
11,1358,864,3
10,1580,806,3
11,1508,870,3
13,1428,1012,3
17,658,1058,3
10,1308,1196,3
15,766,1124,3
7,1600,956,3
18,1272,910,3
11,1588,896,3
21,1206,884,3
16,700,506,3
11,1474,876,3
10,1226,1000,3
15,862,1104,3
10,1582,1022,3
13,1318,776,3
16,642,492,3
15,878,940,3
19,1216,894,3
8,1396,1304,3
11,1112,578,3
11,1302,1104,3
8,1278,1180,3
13,1092,930,3
13,874,900,3
12,1200,754,3
13,1210,880,3
15,872,896,3
10,1574,900,3
19,1090,990,3
15,642,660,3
16,704,1002,3
15,978,922,3
14,876,532,3
14,764,1050,3
21,1284,928,3
11,1242,836,3
12,1018,1112,3
10,1450,1254,3
12,1308,1080,3
9,1634,1114,3
16,1446,892,3
9,1534,1186,3
12,812,964,3
12,1162,802,3
9,1558,1126,3
14,728,1314,3
16,1134,1002,3
15,722,1232,3
8,1468,850,3
5,1750,1136,3
13,1370,896,3
9,1440,1232,3
13,1062,740,3
13,818,1376,3
15,712,1134,3
13,954,978,3
11,1188,1112,3
9,1420,872,3
13,1180,772,3
16,1118,814,3
4,1812,1130,3
14,648,1124,3
17,1140,982,3
9,1710,528,3
11,1350,1070,3
9,1216,976,3
13,1040,706,3
17,1244,918,3
10,1402,1066,3
4,1574,1052,3
14,884,846,3
14,1044,1022,3
13,1020,1176,3
13,924,818,3
13,1234,812,3
16,754,904,3
18,1168,1036,3
15,1260,788,3
11,1470,866,3
7,1462,1222,3
9,1536,836,3
9,1524,770,3
14,694,1030,3
14,1008,1044,3
10,988,806,3
10,1494,852,3
5,1776,1332,3
6,1516,1130,3
17,626,616,3
10,1422,1090,3
13,832,1118,3
14,768,1088,3
10,1478,1146,3
14,920,934,3
14,794,1218,3
14,1242,786,3
9,1514,1128,3
6,1464,1282,3
13,908,892,3
9,1602,804,3
9,1236,770,3
12,822,894,3
10,1472,950,3
13,988,850,3
16,940,972,3
12,1208,944,3
11,1304,926,3
17,1196,1032,3
13,840,1188,3
12,1276,1200,3
11,910,948,3
15,730,912,3
11,1240,1180,3
13,1242,1080,3
14,948,914,3
13,826,1218,3
14,1356,1082,3
20,1234,936,3
8,1316,776,3
11,916,914,3
11,1366,908,3
10,1426,720,3
14,1266,856,3
16,676,1082,3
18,1180,1084,3
11,1512,1144,3
17,1282,862,3
4,1886,1092,3
15,1152,936,3
5,1770,1154,3
9,1352,1344,3
10,1342,1092,3
13,1418,868,3
13,730,1144,3
6,1470,764,3
13,922,1018,3
11,1460,858,3
11,1268,1140,3
14,712,1090,3
12,1058,1100,3
10,1484,850,3
13,952,796,3
14,1284,864,3
19,1254,876,3
13,1334,752,3
8,1404,1140,3
11,1216,1060,3
16,1334,958,3
12,986,732,3
21,1036,924,3
15,812,1104,3
6,1678,1284,3
16,1274,1002,3
16,1112,846,3
12,1422,828,3
8,1522,752,3
9,1432,808,3
15,634,940,3
13,974,952,3
8,1576,956,3
17,972,964,3
15,1010,924,3
16,1116,866,3
18,1134,976,3
7,1344,1090,3
13,1108,1044,3
16,660,980,3
7,1422,828,3
4,1768,1124,3
7,1432,866,3
11,1486,1062,3
13,866,1466,3
15,650,1072,3
11,1318,1186,3
11,1042,708,3
5,1828,1262,3
9,1590,912,3
11,1330,766,3
12,1432,864,3
5,1626,1248,3
13,1132,786,3
15,872,842,3
14,1000,918,3
7,1570,1224,3
5,1482,810,3
5,1540,1238,3
10,1542,912,3
6,1616,1170,3
8,1432,1052,3
15,1344,1124,3
13,1372,1138,3
12,950,830,3
8,1534,1122,3
17,836,900,3
16,936,884,3
11,1432,984,3
12,942,810,3
9,1572,1052,3
16,1108,912,3
9,1274,1090,3
16,666,526,3
19,1150,936,3
11,966,828,3
10,1358,1178,3
8,1510,970,3
10,1374,1122,3
7,1616,506,3
18,1272,1084,3
7,1622,1074,3
13,1038,744,3
14,1020,792,3
7,1254,1170,3
9,1474,866,3
13,882,1242,3
13,1386,858,3
10,1460,944,3
18,1080,996,3
9,1450,1194,3
13,1152,1138,3
20,1120,972,3
15,1058,870,3
10,1090,984,3
11,1466,850,3
12,1034,1044,3
13,910,928,3
8,1460,746,3
9,1594,902,3
15,712,1144,3
10,1342,1144,3
17,1110,998,3
6,1670,1340,3
8,1580,1240,3
10,1302,1184,3
11,992,796,3
18,634,494,3
11,1646,1076,3
13,1206,1112,3
12,1454,888,3
6,1668,1350,3
9,1352,1120,3
7,1570,1188,3
8,1438,1180,3
13,1434,1054,3
14,850,884,3
10,1538,848,3
10,1328,1154,3
8,1338,796,3
7,1638,850,3
14,796,1114,3
5,1560,1012,3
18,906,892,3
17,904,926,3
12,1492,804,3
10,1468,1026,3
15,952,914,3
17,888,900,3
9,1342,1188,3
12,1344,1090,3
16,1242,1076,3
15,1004,928,3
9,1544,932,3
11,1150,1004,3
7,1390,1118,3
12,1014,1152,3
10,1592,1002,3
9,1318,1202,3
10,1586,792,3
9,1652,992,3
7,1438,1156,3
14,786,1228,3
7,1540,990,3
11,1400,1176,3
12,1500,1076,3
5,1678,1100,3
11,1268,1064,3
14,1128,862,3
17,1146,868,3
13,854,1432,3
10,1190,1184,3
8,1522,868,3
13,874,842,3
13,958,1332,3
12,1178,878,3
9,1462,838,3
16,654,1138,3
10,1552,1106,3
12,1314,1214,3
15,722,952,3
14,1424,1012,3
15,888,938,3
5,1486,1106,3
8,1452,1254,3
15,922,998,3
4,1628,1266,3
6,1316,1216,3
18,1190,1046,3
6,1688,1146,3
12,1444,876,3
9,1564,830,3
11,974,874,3
6,1442,1106,3
8,1456,892,3
16,1270,1050,3
11,1036,972,3
12,750,1192,3
8,1666,512,3
6,1520,742,3
15,1286,1104,3
7,1376,1124,3
8,1318,1188,3
10,1366,870,3
8,1532,648,3
15,690,1086,3
12,1210,904,3
12,1254,764,3
8,1248,1106,3
10,1558,996,3
17,1144,974,3
14,806,1156,3
13,752,1140,3
13,1054,900,3
10,1510,1154,3
12,938,916,3
10,1264,1222,3
15,1180,876,3
14,1448,1032,3
8,1586,1216,3
16,964,940,3
11,1384,1132,3
10,1404,874,3
14,1144,974,3
12,932,876,3
17,1084,856,3
11,1240,1158,3
6,1800,1124,3
8,1508,1104,3
15,852,1176,3
11,1194,1066,3
10,1396,1296,3
11,1410,866,3
12,1326,1194,3
10,1466,718,3
8,1482,852,3
17,920,892,3
6,1438,1040,3
6,1542,1080,3
9,1372,1134,3
4,1492,986,3
14,784,1118,3
10,1588,782,3
14,760,1100,3
5,1650,1164,3
7,1438,760,3
10,1512,1226,3
16,1162,762,3
7,1272,1094,3
7,1420,1014,3
10,1398,1226,3
9,1600,1174,3
11,1260,1196,3
14,930,880,3
4,1506,872,3
10,1490,1134,3
14,1334,1134,3
3,1558,998,3
12,888,900,3
14,796,1088,3
8,1540,1238,3
15,1200,782,3
11,1456,1154,3
10,1512,1052,3
9,1470,1176,3
12,1342,1148,3
5,1588,898,3
11,1182,864,3
7,1490,1130,3
11,1342,794,3
5,1494,854,3
19,1152,1014,3
7,1584,1024,3
13,940,886,3
18,1344,934,3
10,1166,944,3
7,1458,1154,3
5,1710,1108,3
11,994,838,3
7,1386,1234,3
16,1312,1010,3
15,936,916,3
7,1458,804,3
8,1466,878,3
12,1144,934,3
12,1432,778,3
12,1120,958,3
12,1424,886,3
10,1494,840,3
17,684,1100,3
13,1492,1086,3
10,1230,802,3
9,1318,1276,3
7,1492,804,3
5,1534,800,3
8,1490,856,3
12,924,998,3
13,1344,860,3
12,1208,966,3
9,1318,782,3
4,1836,1366,3
6,1434,778,3
8,1424,1094,3
14,1492,1088,3
16,972,868,3
11,1004,1394,3
17,1260,1004,3
15,752,1080,3
7,1512,956,3
9,1386,754,3
11,1546,1034,3
13,1458,1056,3
10,1542,1080,3
11,1340,1124,3
17,924,910,3
7,1672,1246,3
14,1032,970,3
12,1530,998,3
13,1410,864,3
5,1544,1012,3
10,1194,1024,3
10,1368,972,3
5,1534,744,3
15,838,1162,3
5,1538,1144,3
12,1458,920,3
10,1008,908,3
20,1130,976,3
6,1606,804,3
14,908,896,3
15,964,990,3
9,1500,798,3
16,1042,850,3
14,898,962,3
14,1300,890,3
10,1618,1150,3
10,1186,862,3
19,1194,1044,3
14,1208,934,3
8,1518,920,3
10,1326,1212,3
10,1444,1032,3
10,1314,1200,3
7,1460,924,3
17,1214,976,3
13,896,1354,3
11,1378,1186,3
13,640,838,3
15,696,948,3
6,1532,1000,3
12,1254,1168,3
11,1384,860,3
8,1488,1162,3
5,1392,858,3
11,1242,788,3
6,1584,1342,3
9,1596,1078,3
12,1002,930,3
6,1488,1174,3
9,1248,1110,3
14,876,886,3
15,846,920,3
11,968,842,3
17,1274,1086,3
15,1446,1036,3
7,1552,996,3
15,928,876,3
11,1454,1132,3
11,1314,782,3
13,1306,1196,3
9,1092,1240,3
14,1418,908,3
9,1356,1218,3
15,1358,1086,3
17,1192,824,3
10,1426,1092,3
11,1274,898,3
12,1408,1098,3
3,1558,1002,3
8,1386,1134,3
8,1428,836,3
6,1402,1226,3
17,942,914,3
12,982,922,3
6,1448,1062,3
12,1316,764,3
15,1024,856,3
8,1434,1138,3
7,1560,1024,3
9,1528,854,3
13,1400,872,3
10,1582,906,3
13,864,1174,3
5,1586,792,3
13,956,1000,3
11,856,1176,3
11,1180,962,3
15,970,870,3
15,1180,944,3
12,840,1162,3
6,1452,1038,3
16,650,552,3
13,754,1080,3
12,1062,874,3
11,1512,952,3
10,1236,1146,3
12,1094,770,3
11,1580,1046,3
13,1494,1090,3
6,1536,850,3
11,1522,880,3
8,1506,830,3
4,1542,916,3
6,1754,1146,3
13,794,952,3
17,852,1150,3
15,680,1048,3
8,1330,770,3
9,1512,746,3
19,1280,846,3
12,1288,1104,3
11,920,896,3
18,972,880,3
11,852,1154,3
20,1096,956,3
8,1380,1186,3
7,1254,774,3
17,1286,860,3
5,1542,1008,3
11,966,842,3
12,1394,1094,3
13,688,1102,3
7,1476,994,3
13,1152,896,3
12,1154,774,3
7,1600,1174,3
9,1278,1094,3
10,1458,800,3
13,1356,862,3
12,1082,846,3
14,900,992,3
12,1262,1152,3
14,1252,1012,3
12,1278,1002,3
8,1536,1222,3
9,1618,1096,3
11,1234,1022,3
16,1180,892,3
8,1498,1228,3
13,1324,1000,3
13,838,902,3
13,1106,898,3
13,816,1102,3
12,1348,1116,3
15,1346,872,3
15,1212,1074,3
10,1386,1116,3
11,1256,764,3
14,938,810,3
13,1344,760,3
15,1324,1096,3
13,1490,908,3
17,1232,914,3
17,1268,882,3
12,798,1088,3
13,656,1140,3
12,1460,838,3
16,1278,1016,3
14,1248,1084,3
10,1276,1178,3
9,1374,1292,3
6,1372,686,3
10,1418,910,3
14,846,1034,3
8,1334,770,3
17,1038,924,3
10,1402,876,3
12,1258,1158,3
9,1364,850,3
4,1742,1234,3
6,1406,794,3
17,1236,936,3
10,1436,1152,3
8,1772,508,3
